﻿<?xml version="1.0" encoding="UTF-8"?>

<XMBML version="1.0">

	<View id="cfw_settings">
		<Attributes>
			<Table key="settings">
				<Pair key="icon_rsc"><String>tex_album_icon</String></Pair>
				<Pair key="icon_notation"><String>WNT_XmbItemAlbum</String></Pair>
				<Pair key="title"><String>CFW-Settings</String></Pair>
			</Table>
		</Attributes>
		<Items>
			<Query class="type:x-xmb/folder-pixmap" key="settings" attr="settings" src="#seg_settings"/>
		</Items>
	</View>

	<View id="seg_settings">
		<Attributes>
			<Table key="clean_log">
				<Pair key="icon_rsc"><String>item_tex_ps3util</String></Pair>
				<Pair key="title"><String>Clean Log File</String></Pair>
				<Pair key="info"><String></String></Pair>
				<Pair key="module_name"><String>xai_plugin</String></Pair>
				<Pair key="module_action"><String>clean_log</String></Pair>
				<Pair key="bar_action"><String>none</String></Pair>
				<Pair key="lbl_half"><String>1</String></Pair>
			</Table>
			<Table key="log_klic">
				<Pair key="icon_rsc"><String>item_tex_ps3util</String></Pair>
				<Pair key="title"><String>KLicensee Dumper</String></Pair>
				<Pair key="info"><String></String></Pair>
				<Pair key="module_name"><String>xai_plugin</String></Pair>
				<Pair key="module_action"><String>log_klic</String></Pair>
				<Pair key="bar_action"><String>none</String></Pair>
				<Pair key="lbl_half"><String>1</String></Pair>
			</Table>
			<Table key="log_secureid">
				<Pair key="icon_rsc"><String>item_tex_ps3util</String></Pair>
				<Pair key="title"><String>Secure File ID Dumper</String></Pair>
				<Pair key="info"><String></String></Pair>
				<Pair key="module_name"><String>xai_plugin</String></Pair>
				<Pair key="module_action"><String>log_secureid</String></Pair>
				<Pair key="bar_action"><String>none</String></Pair>
				<Pair key="lbl_half"><String>1</String></Pair>
			</Table>
			<Table key="override_sfo">
				<Pair key="icon_rsc"><String>item_tex_disc_icon</String></Pair>
				<Pair key="title"><String>Override Disc SFO</String></Pair>
				<Pair key="info"><String>Enables RemotePlay + SystemBGM on Disc Games</String></Pair>
				<Pair key="module_name"><String>xai_plugin</String></Pair>
				<Pair key="module_action"><String>override_sfo</String></Pair>
				<Pair key="bar_action"><String>none</String></Pair>
				<Pair key="lbl_half"><String>1</String></Pair>
			</Table>
			<Table key="enable_screenshot">
				<Pair key="icon_rsc"><String>photo_tex_load</String></Pair>
				<Pair key="title"><String>Enable In-Game Screenshot</String></Pair>
				<Pair key="info"><String></String></Pair>
				<Pair key="module_name"><String>xai_plugin</String></Pair>
				<Pair key="module_action"><String>enable_screenshot</String></Pair>
				<Pair key="bar_action"><String>none</String></Pair>
				<Pair key="lbl_half"><String>1</String></Pair>
			</Table>
			<Table key="enable_recording">
				<Pair key="icon_rsc"><String>item_tex_Players</String></Pair>
				<Pair key="title"><String>Enable Gameplay Recording</String></Pair>
				<Pair key="info"><String></String></Pair>
				<Pair key="module_name"><String>xai_plugin</String></Pair>
				<Pair key="module_action"><String>enable_recording</String></Pair>
				<Pair key="bar_action"><String>none</String></Pair>
				<Pair key="lbl_half"><String>1</String></Pair>
			</Table>
			<Table key="dump_disc_key">
				<Pair key="icon_rsc"><String>item_tex_disc_bd</String></Pair>
				<Pair key="title"><String>Dump Disc Hash Key</String></Pair>
				<Pair key="info"><String></String></Pair>
				<Pair key="module_name"><String>xai_plugin</String></Pair>
				<Pair key="module_action"><String>dump_disc_key</String></Pair>
				<Pair key="bar_action"><String>none</String></Pair>
				<Pair key="lbl_half"><String>1</String></Pair>
			</Table>
			<Table key="dump_idps">
				<Pair key="icon_rsc"><String>item_tex_NewFriend</String></Pair>
				<Pair key="title"><String>Dump IDPS</String></Pair>
				<Pair key="info"><String>Saves IDPS to log file</String></Pair>
				<Pair key="module_name"><String>xai_plugin</String></Pair>
				<Pair key="module_action"><String>dump_idps</String></Pair>
				<Pair key="bar_action"><String>none</String></Pair>
				<Pair key="lbl_half"><String>1</String></Pair>
			</Table>
			<Table key="toggle_dlna">
				<Pair key="icon_rsc"><String>item_tex_dlna_default</String></Pair>
				<Pair key="title"><String>Toggle DLNA</String></Pair>
				<Pair key="info"><String></String></Pair>
				<Pair key="module_name"><String>xai_plugin</String></Pair>
				<Pair key="module_action"><String>toggle_dlna</String></Pair>
				<Pair key="bar_action"><String>none</String></Pair>
				<Pair key="lbl_half"><String>1</String></Pair>
			</Table>
			<Table key="enable_hvdbg">
				<Pair key="icon_rsc"><String>item_tex_cam_icon</String></Pair>
				<Pair key="title"><String>Enable HV Proc Output</String></Pair>
				<Pair key="info"><String></String></Pair>
				<Pair key="module_name"><String>xai_plugin</String></Pair>
				<Pair key="module_action"><String>enable_hvdbg</String></Pair>
				<Pair key="bar_action"><String>none</String></Pair>
				<Pair key="lbl_half"><String>1</String></Pair>
			</Table>
			<Table key="usb_firm_loader">
				<Pair key="icon_rsc"><String>item_tex_cam_icon</String></Pair>
				<Pair key="title"><String>Set dev_flash from USB</String></Pair>
				<Pair key="info"><String></String></Pair>
				<Pair key="module_name"><String>xai_plugin</String></Pair>
				<Pair key="module_action"><String>usb_firm_loader</String></Pair>
				<Pair key="bar_action"><String>none</String></Pair>
				<Pair key="lbl_half"><String>1</String></Pair>
			</Table>
			<Table key="remarry_bd">
				<Pair key="icon_rsc"><String>item_tex_disc_cd_ps2</String></Pair>
				<Pair key="title"><String>Remarry Bluray Drive</String></Pair>
				<Pair key="info"><String></String></Pair>
				<Pair key="module_name"><String>xai_plugin</String></Pair>
				<Pair key="module_action"><String>remarry_bd</String></Pair>
				<Pair key="bar_action"><String>none</String></Pair>
				<Pair key="lbl_half"><String>1</String></Pair>
			</Table>
			<Table key="rsod_fix">
				<Pair key="icon_rsc"><String>item_tex_cam_icon</String></Pair>
				<Pair key="title"><String>Re-Initialize VTRM-Region</String></Pair>
				<Pair key="info"><String></String></Pair>
				<Pair key="module_name"><String>xai_plugin</String></Pair>
				<Pair key="module_action"><String>rsod_fix</String></Pair>
				<Pair key="bar_action"><String>none</String></Pair>
				<Pair key="lbl_half"><String>1</String></Pair>
			</Table>
			<Table key="backup_registry">
				<Pair key="icon_rsc"><String>item_tex_cam_icon</String></Pair>
				<Pair key="title"><String>Backup xRegistry.sys</String></Pair>
				<Pair key="info"><String></String></Pair>
				<Pair key="module_name"><String>xai_plugin</String></Pair>
				<Pair key="module_action"><String>backup_registry</String></Pair>
				<Pair key="bar_action"><String>none</String></Pair>
				<Pair key="lbl_half"><String>1</String></Pair>
			</Table>
			<Table key="rebuild_db">
				<Pair key="icon_rsc"><String>item_tex_cam_icon</String></Pair>
				<Pair key="title"><String>Rebuild Database</String></Pair>
				<Pair key="info"><String></String></Pair>
				<Pair key="module_name"><String>xai_plugin</String></Pair>
				<Pair key="module_action"><String>rebuild_db</String></Pair>
				<Pair key="ingame"><String>disable</String></Pair>
				<Pair key="bar_action"><String>none</String></Pair>
				<Pair key="lbl_half"><String>1</String></Pair>
			</Table>
			<Table key="applicable_version">
				<Pair key="icon_rsc"><String>item_tex_cam_icon</String></Pair>
				<Pair key="title"><String>Display applicable version</String></Pair>
				<Pair key="info"><String>Displays Minimum Downgrade Version</String></Pair>
				<Pair key="module_name"><String>xai_plugin</String></Pair>
				<Pair key="module_action"><String>applicable_version</String></Pair>
				<Pair key="ingame"><String>disable</String></Pair>
				<Pair key="bar_action"><String>none</String></Pair>
				<Pair key="lbl_half"><String>1</String></Pair>
			</Table>
			<Table key="fs_check">
				<Pair key="icon_rsc"><String>item_tex_cam_icon</String></Pair>
				<Pair key="title"><String>Check Filesystem</String></Pair>
				<Pair key="info"><String></String></Pair>
				<Pair key="module_name"><String>xai_plugin</String></Pair>
				<Pair key="module_action"><String>fs_check</String></Pair>
				<Pair key="ingame"><String>disable</String></Pair>
				<Pair key="bar_action"><String>none</String></Pair>
				<Pair key="lbl_half"><String>1</String></Pair>
			</Table>
			<Table key="recovery_mode">
				<Pair key="icon_rsc"><String>tex_loading_icon</String></Pair>
				<Pair key="title"><String>Toggle Recovery Mode</String></Pair>
				<Pair key="info"><String></String></Pair>
				<Pair key="module_name"><String>xai_plugin</String></Pair>
				<Pair key="module_action"><String>recovery_mode</String></Pair>
				<Pair key="ingame"><String>disable</String></Pair>
				<Pair key="bar_action"><String>none</String></Pair>
				<Pair key="lbl_half"><String>1</String></Pair>
			</Table>
			<Table key="service_mode">
				<Pair key="icon_rsc"><String>tex_urgent_ws</String></Pair>
				<Pair key="title"><String>Toggle Factory Service Mode</String></Pair>
				<Pair key="info"><String></String></Pair>
				<Pair key="module_name"><String>xai_plugin</String></Pair>
				<Pair key="module_action"><String>service_mode</String></Pair>
				<Pair key="ingame"><String>disable</String></Pair>
				<Pair key="bar_action"><String>none</String></Pair>
				<Pair key="lbl_half"><String>1</String></Pair>
			</Table>
			<Table key="control_led">
				<Pair key="icon_rsc"><String>tex_loading_icon</String></Pair>
				<Pair key="title"><String>Control LED Test</String></Pair>
				<Pair key="info"><String></String></Pair>
				<Pair key="module_name"><String>xai_plugin</String></Pair>
				<Pair key="module_action"><String>control_led12</String></Pair>
				<Pair key="ingame"><String>disable</String></Pair>
				<Pair key="bar_action"><String>none</String></Pair>
				<Pair key="lbl_half"><String>1</String></Pair>
			</Table>
		</Attributes>
		<Items>
			<Item class="type:x-xmb/module-action" key="clean_log"				attr="clean_log"/>
			<Item class="type:x-xmb/module-action" key="dump_disc_key"			attr="dump_disc_key"/>
			<Item class="type:x-xmb/module-action" key="log_klic"				attr="log_klic"/>
			<Item class="type:x-xmb/module-action" key="log_secureid"			attr="log_secureid"/>
<!--			<Item class="type:x-xmb/module-action" key="enable_recording"			attr="enable_recording"/> -->
			<Item class="type:x-xmb/module-action" key="enable_screenshot"			attr="enable_screenshot"/>
			<Item class="type:x-xmb/module-action" key="override_sfo"			attr="override_sfo"/>
			<Item class="type:x-xmb/module-action" key="applicable_version"			attr="applicable_version"/>
			<Item class="type:x-xmb/module-action" key="dump_idps"				attr="dump_idps"/>
<!--			<Item class="type:x-xmb/module-action" key="enable_hvdbg"			attr="enable_hvdbg"/>  -->
<!--			<Item class="type:x-xmb/module-action" key="control_led"			attr="control_led"/>  -->
			<Item class="type:x-xmb/module-action" key="usb_firm_loader"			attr="usb_firm_loader"/>
			<Item class="type:x-xmb/module-action" key="remarry_bd"				attr="remarry_bd"/>
<!--			<Item class="type:x-xmb/module-action" key="backup_registry"			attr="backup_registry"/>  -->
			<Item class="type:x-xmb/module-action" key="rsod_fix"				attr="rsod_fix"/>
			<Item class="type:x-xmb/module-action" key="toggle_dlna"			attr="toggle_dlna"/>
			<Item class="type:x-xmb/module-action" key="rebuild_db"				attr="rebuild_db"/>
			<Item class="type:x-xmb/module-action" key="fs_check"				attr="fs_check"/>
			<Item class="type:x-xmb/module-action" key="recovery_mode"			attr="recovery_mode"/>
			<Item class="type:x-xmb/module-action" key="service_mode"			attr="service_mode"/>
		</Items>
	</View>

	<View id="rebug_settings">
		<Attributes>
			<Table key="rebug">
				<Pair key="icon_rsc"><String>tex_album_icon</String></Pair>
				<Pair key="icon_notation"><String>WNT_XmbItemAlbum</String></Pair>
				<Pair key="title"><String>REBUG-Settings</String></Pair>
			</Table>
		</Attributes>
		<Items>
			<Query class="type:x-xmb/folder-pixmap" key="rebug" attr="rebug" src="#seg_rebug"/>
		</Items>
	</View>

	<View id="seg_rebug">
		<Attributes>
			<Table key="cobra_mode">
				<Pair key="icon_rsc"><String>friend_tex_load</String></Pair>
				<Pair key="title"><String>Toggle Cobra Mode</String></Pair>
				<Pair key="info"><String>some explain here...</String></Pair>
				<Pair key="module_name"><String>xai_plugin</String></Pair>
				<Pair key="module_action"><String>cobra_mode</String></Pair>
				<Pair key="ingame"><String>disable</String></Pair>
				<Pair key="bar_action"><String>none</String></Pair>
				<Pair key="lbl_half"><String>1</String></Pair>
			</Table>
			<Table key="rebug_mode">
				<Pair key="icon_rsc"><String>friend_tex_load</String></Pair>
				<Pair key="title"><String>Toggle Rebug Mode</String></Pair>
				<Pair key="info"><String>some explain here...</String></Pair>
				<Pair key="module_name"><String>xai_plugin</String></Pair>
				<Pair key="module_action"><String>rebug_mode</String></Pair>
				<Pair key="ingame"><String>disable</String></Pair>
				<Pair key="bar_action"><String>none</String></Pair>
				<Pair key="lbl_half"><String>1</String></Pair>
			</Table>
			<Table key="debugmenu_mode">
				<Pair key="icon_rsc"><String>friend_tex_load</String></Pair>
				<Pair key="title"><String>Toggle Debug Settings Menu</String></Pair>
				<Pair key="info"><String>some explain here...</String></Pair>
				<Pair key="module_name"><String>xai_plugin</String></Pair>
				<Pair key="module_action"><String>debugsettings_mode</String></Pair>
				<Pair key="ingame"><String>disable</String></Pair>
				<Pair key="bar_action"><String>none</String></Pair>
				<Pair key="lbl_half"><String>1</String></Pair>
			</Table>
			<Table key="download_toolbox">
				<Pair key="icon_rsc"><String>tex_loading_icon</String></Pair>
				<Pair key="title"><String>Download latest Rebug Toolbox</String></Pair>
				<Pair key="info"><String>some explain here...</String></Pair>
				<Pair key="module_name"><String>xai_plugin</String></Pair>
				<Pair key="module_action"><String>download_toolbox</String></Pair>
				<Pair key="ingame"><String>disable</String></Pair>
				<Pair key="bar_action"><String>none</String></Pair>
				<Pair key="lbl_half"><String>1</String></Pair>
			</Table>
			<Table key="install_toolbox">
				<Pair key="icon_rsc"><String>item_tex_cam_icon</String></Pair>
				<Pair key="title"><String>Install downloaded Rebug Toolbox</String></Pair>
				<Pair key="info"><String>some explain here...</String></Pair>
				<Pair key="module_name"><String>xai_plugin</String></Pair>
				<Pair key="module_action"><String>install_toolbox</String></Pair>
				<Pair key="ingame"><String>disable</String></Pair>
				<Pair key="bar_action"><String>none</String></Pair>
				<Pair key="lbl_half"><String>1</String></Pair>
			</Table>
		</Attributes>
		<Items>
			<Item class="type:x-xmb/module-action" key="cobra_mode"			attr="cobra_mode"/>
			<Item class="type:x-xmb/module-action" key="rebug_mode"			attr="rebug_mode"/>
			<Item class="type:x-xmb/module-action" key="debugmenu_mode"		attr="debugmenu_mode"/>
			<Item class="type:x-xmb/module-action" key="download_toolbox"		attr="download_toolbox"/>
			<Item class="type:x-xmb/module-action" key="install_toolbox"		attr="install_toolbox"/>
		</Items>
	</View>

	<View id="seg_video_screenshot">
		<Attributes>
			<Table key="video_screenshot">
				<Pair key="icon_rsc"><String>game_tex_load</String></Pair>
				<Pair key="title"><String>Record Gameplay</String></Pair>
				<Pair key="info"><String>some explain here...</String></Pair>
				<Pair key="module_name"><String>game_plugin</String></Pair>
				<Pair key="module_action"><String>record_start</String></Pair>
				<Pair key="bar_action"><String>none</String></Pair>
				<Pair key="lbl_half"><String>1</String></Pair>
			</Table>
		</Attributes>
		<Items>
			<Item class="type:x-xmb/module-action" key="video_screenshot"		attr="video_screenshot"/>
		</Items>
	</View>
</XMBML>